transaction_id,account_number,transaction_date,amount,currency
c2d4083d-7c21-4ec5-a75e-c77536d463a3,PL32308157460042035244021202,2025-10-10,999,PLN
c942dd36-fbc0-4ae9-9055-66be4e6654fe,PL02803821153525967325839348,2025-10-11,999,CHF
59826504-1e92-4a3a-91a6-83bf20d228f3,PL95756022130542983786791657,2025-10-03,20050,CHF
a6c9f4ba-a151-46fa-a915-56e6e333235e,PL545190041445207819390528,2025-10-06,7300,USD
a5315ff8-a35b-433e-a209-6d079656e490,PL11911729X84123528626714323,2025-10-01,88800,PLN
4969195a-70a9-4c77-b066-20043e217c7a,PL97242116796782442540989154,2025-10-09,45000,USD
5db9623f-7bbb-4888-a868-520a87f2f8ab,PL43733240440346204144557178,2025-10-07,20050,USD
f19f1838-9cc6-426a-934e-dc7ab452df1e,PL21658991468952573508616920,2025-10-13,88800,GBP
ce0acbe0-ec32-4e96-99d1-32caca7b87be,PL13977830843800790131845770,2025-10-08,999,GBP
6c10a342-32c7-426d-a63a-2e2b43a29d09,XX51326436871683597649838836,2025-10-08,150000,GBP
